From,Title,Company,Location,Date,Link
saramin(사람인),Python 개발자 모십니다.,~ 01/10(일),경북 경산시,(주)포원시스템,http://www.saramin.co.kr/zf_user/jobs/relay/view?isMypage=no&rec_idx=39080946&recommend_ids=eJxNj8kBAzEIA6vJH2EuvVPI9t9FSJw1%2BxyPBHhRospxpcUr3%2BuBl%2B2HNLcaf3D74oLg%2BC6zUi8PbFRExUGKISdMovuDwiU5o5IiMmi9fcI9maIHs9PoRbzPqAjOZFshD8ti%2BFiEq88XwVzZYf93M8DTpRZ%2B9u5CA9%2FwBz8VSMo%3D&view_type=search&searchword=python&searchType=search&gz=1&t_ref_content=generic&t_ref=search&paid_fl=n#seq=0
saramin(사람인),"[콴텍, 금융] Python 금융상품 시뮬레이션 시스템 개발자 모집",내일마감,서울 영등포구,콴텍(주),http://www.saramin.co.kr/zf_user/jobs/relay/view?isMypage=no&rec_idx=38787916&recommend_ids=eJxNj8kBAzEIA6vJH2EuvVPI9t9FSJw1%2BxyPBHhRospxpcUr3%2BuBl%2B2HNLcaf3D74oLg%2BC6zUi8PbFRExUGKISdMovuDwiU5o5IiMmi9fcI9maIHs9PoRbzPqAjOZFshD8ti%2BFiEq88XwVzZYf93M8DTpRZ%2B9u5CA9%2FwBz8VSMo%3D&view_type=search&searchword=python&searchType=search&gz=1&t_ref_content=generic&t_ref=search&paid_fl=n#seq=0
saramin(사람인),[업계1위/최강복지] Python/딥러닝/머신러닝/AI 개발 부문 채용,~ 12/12(토),서울 구로구,(주)인라이플,http://www.saramin.co.kr/zf_user/jobs/relay/view?isMypage=no&rec_idx=39083646&recommend_ids=eJxNj8kBAzEIA6vJH2EuvVPI9t9FSJw1%2BxyPBHhRospxpcUr3%2BuBl%2B2HNLcaf3D74oLg%2BC6zUi8PbFRExUGKISdMovuDwiU5o5IiMmi9fcI9maIHs9PoRbzPqAjOZFshD8ti%2BFiEq88XwVzZYf93M8DTpRZ%2B9u5CA9%2FwBz8VSMo%3D&view_type=search&searchword=python&searchType=search&gz=1&t_ref_content=generic&t_ref=search&paid_fl=n#seq=0
saramin(사람인),"웹(JAVA,JSP), Python, 기획/설계 경력자 인원모집",~ 01/02(토),경기 성남시 분당구,(주)아와소프트,http://www.saramin.co.kr/zf_user/jobs/relay/view?isMypage=no&rec_idx=39031703&recommend_ids=eJxNj8kBAzEIA6vJH2EuvVPI9t9FSJw1%2BxyPBHhRospxpcUr3%2BuBl%2B2HNLcaf3D74oLg%2BC6zUi8PbFRExUGKISdMovuDwiU5o5IiMmi9fcI9maIHs9PoRbzPqAjOZFshD8ti%2BFiEq88XwVzZYf93M8DTpRZ%2B9u5CA9%2FwBz8VSMo%3D&view_type=search&searchword=python&searchType=search&gz=1&t_ref_content=generic&t_ref=search&paid_fl=n#seq=0
saramin(사람인),"데이터베이스 SW 신입 및 경력 개발자 모집 (JAVA, C#, Python)",~ 11/30(월),서울 강남구,(주)마크베이스,http://www.saramin.co.kr/zf_user/jobs/relay/view?isMypage=no&rec_idx=38947619&recommend_ids=eJxNj8kBAzEIA6vJH2EuvVPI9t9FSJw1%2BxyPBHhRospxpcUr3%2BuBl%2B2HNLcaf3D74oLg%2BC6zUi8PbFRExUGKISdMovuDwiU5o5IiMmi9fcI9maIHs9PoRbzPqAjOZFshD8ti%2BFiEq88XwVzZYf93M8DTpRZ%2B9u5CA9%2FwBz8VSMo%3D&view_type=search&searchword=python&searchType=search&gz=1&t_ref_content=generic&t_ref=search&paid_fl=n#seq=0
saramin(사람인),"PHP 및 Python 웹 개발자, IOS 개발자 모집",채용시,서울 금천구,(주)코리아센터,http://www.saramin.co.kr/zf_user/jobs/relay/view?isMypage=no&rec_idx=39094550&recommend_ids=eJxNj8kBAzEIA6vJH2EuvVPI9t9FSJw1%2BxyPBHhRospxpcUr3%2BuBl%2B2HNLcaf3D74oLg%2BC6zUi8PbFRExUGKISdMovuDwiU5o5IiMmi9fcI9maIHs9PoRbzPqAjOZFshD8ti%2BFiEq88XwVzZYf93M8DTpRZ%2B9u5CA9%2FwBz8VSMo%3D&view_type=search&searchword=python&searchType=search&gz=1&t_ref_content=generic&t_ref=search&paid_fl=n#seq=0
saramin(사람인),Python/Java Backend/Frontend 엔지니어 채용,~ 12/15(화),서울 송파구,(주)에프에스솔루션,http://www.saramin.co.kr/zf_user/jobs/relay/view?isMypage=no&rec_idx=38928137&recommend_ids=eJxNj8kBAzEIA6vJH2EuvVPI9t9FSJw1%2BxyPBHhRospxpcUr3%2BuBl%2B2HNLcaf3D74oLg%2BC6zUi8PbFRExUGKISdMovuDwiU5o5IiMmi9fcI9maIHs9PoRbzPqAjOZFshD8ti%2BFiEq88XwVzZYf93M8DTpRZ%2B9u5CA9%2FwBz8VSMo%3D&view_type=search&searchword=python&searchType=search&gz=1&t_ref_content=generic&t_ref=search&paid_fl=n#seq=0
saramin(사람인),웹 프로그래머 (Java/HTML/Python) 계약직 개발자 모집,채용시,부산 해운대구,(주)리안,http://www.saramin.co.kr/zf_user/jobs/relay/view?isMypage=no&rec_idx=39023952&recommend_ids=eJxNj8kBAzEIA6vJH2EuvVPI9t9FSJw1%2BxyPBHhRospxpcUr3%2BuBl%2B2HNLcaf3D74oLg%2BC6zUi8PbFRExUGKISdMovuDwiU5o5IiMmi9fcI9maIHs9PoRbzPqAjOZFshD8ti%2BFiEq88XwVzZYf93M8DTpRZ%2B9u5CA9%2FwBz8VSMo%3D&view_type=search&searchword=python&searchType=search&gz=1&t_ref_content=generic&t_ref=search&paid_fl=n#seq=0
saramin(사람인),유망스타트업 서버개발 신입/경력 백엔드 Linux C JAVA Python,~ 12/31(목),서울 서초구,엔에스원소프트(주),http://www.saramin.co.kr/zf_user/jobs/relay/view?isMypage=no&rec_idx=39014999&recommend_ids=eJxNj8kBAzEIA6vJH2EuvVPI9t9FSJw1%2BxyPBHhRospxpcUr3%2BuBl%2B2HNLcaf3D74oLg%2BC6zUi8PbFRExUGKISdMovuDwiU5o5IiMmi9fcI9maIHs9PoRbzPqAjOZFshD8ti%2BFiEq88XwVzZYf93M8DTpRZ%2B9u5CA9%2FwBz8VSMo%3D&view_type=search&searchword=python&searchType=search&gz=1&t_ref_content=generic&t_ref=search&paid_fl=n#seq=0
saramin(사람인),FrontEnd/BackEnd/Python 개발자 채용,~ 12/12(토),인천 연수구,(주)유진로봇,http://www.saramin.co.kr/zf_user/jobs/relay/view?isMypage=no&rec_idx=38905728&recommend_ids=eJxNj8kBAzEIA6vJH2EuvVPI9t9FSJw1%2BxyPBHhRospxpcUr3%2BuBl%2B2HNLcaf3D74oLg%2BC6zUi8PbFRExUGKISdMovuDwiU5o5IiMmi9fcI9maIHs9PoRbzPqAjOZFshD8ti%2BFiEq88XwVzZYf93M8DTpRZ%2B9u5CA9%2FwBz8VSMo%3D&view_type=search&searchword=python&searchType=search&gz=1&t_ref_content=generic&t_ref=search&paid_fl=n#seq=0
saramin(사람인),Java·JSP/백엔드/Ajax/Python 정규직 채용 - 신입&경력,~ 12/13(일),서울 영등포구,(주)세찬아이앤씨,http://www.saramin.co.kr/zf_user/jobs/relay/view?isMypage=no&rec_idx=39090054&recommend_ids=eJxNj8kBAzEIA6vJH2EuvVPI9t9FSJw1%2BxyPBHhRospxpcUr3%2BuBl%2B2HNLcaf3D74oLg%2BC6zUi8PbFRExUGKISdMovuDwiU5o5IiMmi9fcI9maIHs9PoRbzPqAjOZFshD8ti%2BFiEq88XwVzZYf93M8DTpRZ%2B9u5CA9%2FwBz8VSMo%3D&view_type=search&searchword=python&searchType=search&gz=1&t_ref_content=generic&t_ref=search&paid_fl=n#seq=0
saramin(사람인),XML/http 프로토콜/Python/ django/채용 공고 (프리랜서),~ 11/20(금),서울 마포구,주식회사 에스알유니버스,http://www.saramin.co.kr/zf_user/jobs/relay/view?isMypage=no&rec_idx=39091866&recommend_ids=eJxNj8kBAzEIA6vJH2EuvVPI9t9FSJw1%2BxyPBHhRospxpcUr3%2BuBl%2B2HNLcaf3D74oLg%2BC6zUi8PbFRExUGKISdMovuDwiU5o5IiMmi9fcI9maIHs9PoRbzPqAjOZFshD8ti%2BFiEq88XwVzZYf93M8DTpRZ%2B9u5CA9%2FwBz8VSMo%3D&view_type=search&searchword=python&searchType=search&gz=1&t_ref_content=generic&t_ref=search&paid_fl=n#seq=0
saramin(사람인),"자동화사업부 R&D S/W 팀원(open,C++,Python,영상, 비젼)충원",~ 11/27(금),서울 강동구,(주)엠코프,http://www.saramin.co.kr/zf_user/jobs/relay/view?isMypage=no&rec_idx=39038019&recommend_ids=eJxNj8kBAzEIA6vJH2EuvVPI9t9FSJw1%2BxyPBHhRospxpcUr3%2BuBl%2B2HNLcaf3D74oLg%2BC6zUi8PbFRExUGKISdMovuDwiU5o5IiMmi9fcI9maIHs9PoRbzPqAjOZFshD8ti%2BFiEq88XwVzZYf93M8DTpRZ%2B9u5CA9%2FwBz8VSMo%3D&view_type=search&searchword=python&searchType=search&gz=1&t_ref_content=generic&t_ref=search&paid_fl=n#seq=0
saramin(사람인),2020하반기 SAS 빅데이터/DataAnalysis/Python/R 추가 인재 모집,~ 12/04(금),서울 강남구,(주)그루넷,http://www.saramin.co.kr/zf_user/jobs/relay/view?isMypage=no&rec_idx=38861716&recommend_ids=eJxNj8kBAzEIA6vJH2EuvVPI9t9FSJw1%2BxyPBHhRospxpcUr3%2BuBl%2B2HNLcaf3D74oLg%2BC6zUi8PbFRExUGKISdMovuDwiU5o5IiMmi9fcI9maIHs9PoRbzPqAjOZFshD8ti%2BFiEq88XwVzZYf93M8DTpRZ%2B9u5CA9%2FwBz8VSMo%3D&view_type=search&searchword=python&searchType=search&gz=1&t_ref_content=generic&t_ref=search&paid_fl=n#seq=0
saramin(사람인),AI융합연구소 Python 개발자 채용(경력무관),~ 11/30(월),서울 서대문구,(주)화이트스캔,http://www.saramin.co.kr/zf_user/jobs/relay/view?isMypage=no&rec_idx=39056292&recommend_ids=eJxNj8kBAzEIA6vJH2EuvVPI9t9FSJw1%2BxyPBHhRospxpcUr3%2BuBl%2B2HNLcaf3D74oLg%2BC6zUi8PbFRExUGKISdMovuDwiU5o5IiMmi9fcI9maIHs9PoRbzPqAjOZFshD8ti%2BFiEq88XwVzZYf93M8DTpRZ%2B9u5CA9%2FwBz8VSMo%3D&view_type=search&searchword=python&searchType=search&gz=1&t_ref_content=generic&t_ref=search&paid_fl=n#seq=0
saramin(사람인),"AWS, Python, 딥러닝 정규직 모집",~ 11/27(금),서울 강남구,(주)키온비트,http://www.saramin.co.kr/zf_user/jobs/relay/view?isMypage=no&rec_idx=38841162&recommend_ids=eJxNj8kBAzEIA6vJH2EuvVPI9t9FSJw1%2BxyPBHhRospxpcUr3%2BuBl%2B2HNLcaf3D74oLg%2BC6zUi8PbFRExUGKISdMovuDwiU5o5IiMmi9fcI9maIHs9PoRbzPqAjOZFshD8ti%2BFiEq88XwVzZYf93M8DTpRZ%2B9u5CA9%2FwBz8VSMo%3D&view_type=search&searchword=python&searchType=search&gz=1&t_ref_content=generic&t_ref=search&paid_fl=n#seq=0
saramin(사람인),해양자료 수집·정리·분석 및 지원(Python/빅데이터),~ 01/05(화),경기 군포시,(주)지오시스템리서치,http://www.saramin.co.kr/zf_user/jobs/relay/view?isMypage=no&rec_idx=39051839&recommend_ids=eJxNj8kBAzEIA6vJH2EuvVPI9t9FSJw1%2BxyPBHhRospxpcUr3%2BuBl%2B2HNLcaf3D74oLg%2BC6zUi8PbFRExUGKISdMovuDwiU5o5IiMmi9fcI9maIHs9PoRbzPqAjOZFshD8ti%2BFiEq88XwVzZYf93M8DTpRZ%2B9u5CA9%2FwBz8VSMo%3D&view_type=search&searchword=python&searchType=search&gz=1&t_ref_content=generic&t_ref=search&paid_fl=n#seq=0
saramin(사람인),[정규직] Python/Java Backend/Frontend 엔지니어,채용시,서울 강남구,(주)마인즈앤컴퍼니,http://www.saramin.co.kr/zf_user/jobs/relay/view?isMypage=no&rec_idx=38776312&recommend_ids=eJxNj8kBAzEIA6vJH2EuvVPI9t9FSJw1%2BxyPBHhRospxpcUr3%2BuBl%2B2HNLcaf3D74oLg%2BC6zUi8PbFRExUGKISdMovuDwiU5o5IiMmi9fcI9maIHs9PoRbzPqAjOZFshD8ti%2BFiEq88XwVzZYf93M8DTpRZ%2B9u5CA9%2FwBz8VSMo%3D&view_type=search&searchword=python&searchType=search&gz=1&t_ref_content=generic&t_ref=search&paid_fl=n#seq=0
saramin(사람인),데이터 분석 콘텐츠 개발 / 기획 / 분석 구인 (Python 특화),~ 12/05(토),울산 울주군,코어닷투데이,http://www.saramin.co.kr/zf_user/jobs/relay/view?isMypage=no&rec_idx=38868466&recommend_ids=eJxNj8kBAzEIA6vJH2EuvVPI9t9FSJw1%2BxyPBHhRospxpcUr3%2BuBl%2B2HNLcaf3D74oLg%2BC6zUi8PbFRExUGKISdMovuDwiU5o5IiMmi9fcI9maIHs9PoRbzPqAjOZFshD8ti%2BFiEq88XwVzZYf93M8DTpRZ%2B9u5CA9%2FwBz8VSMo%3D&view_type=search&searchword=python&searchType=search&gz=1&t_ref_content=generic&t_ref=search&paid_fl=n#seq=0
saramin(사람인),[신입] 개발자 모집( Python / Java / Php ),~ 12/02(수),서울 중구,(주)쓰리소프트플러스,http://www.saramin.co.kr/zf_user/jobs/relay/view?isMypage=no&rec_idx=39017633&recommend_ids=eJxNj8kBAzEIA6vJH2EuvVPI9t9FSJw1%2BxyPBHhRospxpcUr3%2BuBl%2B2HNLcaf3D74oLg%2BC6zUi8PbFRExUGKISdMovuDwiU5o5IiMmi9fcI9maIHs9PoRbzPqAjOZFshD8ti%2BFiEq88XwVzZYf93M8DTpRZ%2B9u5CA9%2FwBz8VSMo%3D&view_type=search&searchword=python&searchType=search&gz=1&t_ref_content=generic&t_ref=search&paid_fl=n#seq=0
saramin(사람인),"웹개발(XML, Java·JSP, Python, 오픈소스검색엔진) 자연어처리",~ 12/22(화),서울 구로구,(주)윤즈정보개발,http://www.saramin.co.kr/zf_user/jobs/relay/view?isMypage=no&rec_idx=38972630&recommend_ids=eJxNj8kBAzEIA6vJH2EuvVPI9t9FSJw1%2BxyPBHhRospxpcUr3%2BuBl%2B2HNLcaf3D74oLg%2BC6zUi8PbFRExUGKISdMovuDwiU5o5IiMmi9fcI9maIHs9PoRbzPqAjOZFshD8ti%2BFiEq88XwVzZYf93M8DTpRZ%2B9u5CA9%2FwBz8VSMo%3D&view_type=search&searchword=python&searchType=search&gz=1&t_ref_content=generic&t_ref=search&paid_fl=n#seq=0
saramin(사람인),웹 프로그래머 (Java/HTML/Python) 계약직 개발자 모집,~ 01/09(토),부산 해운대구,(주)데이터코리아,http://www.saramin.co.kr/zf_user/jobs/relay/view?isMypage=no&rec_idx=39073761&recommend_ids=eJxNj8kBAzEIA6vJH2EuvVPI9t9FSJw1%2BxyPBHhRospxpcUr3%2BuBl%2B2HNLcaf3D74oLg%2BC6zUi8PbFRExUGKISdMovuDwiU5o5IiMmi9fcI9maIHs9PoRbzPqAjOZFshD8ti%2BFiEq88XwVzZYf93M8DTpRZ%2B9u5CA9%2FwBz8VSMo%3D&view_type=search&searchword=python&searchType=search&gz=1&t_ref_content=generic&t_ref=search&paid_fl=n#seq=0
saramin(사람인),Python Programm인공지능(AI)·빅데이터 정규직 채용 - 경력/신,내일마감,서울 영등포구,퀀텀인텔리전스,http://www.saramin.co.kr/zf_user/jobs/relay/view?isMypage=no&rec_idx=38893041&recommend_ids=eJxNj8kBAzEIA6vJH2EuvVPI9t9FSJw1%2BxyPBHhRospxpcUr3%2BuBl%2B2HNLcaf3D74oLg%2BC6zUi8PbFRExUGKISdMovuDwiU5o5IiMmi9fcI9maIHs9PoRbzPqAjOZFshD8ti%2BFiEq88XwVzZYf93M8DTpRZ%2B9u5CA9%2FwBz8VSMo%3D&view_type=search&searchword=python&searchType=search&gz=1&t_ref_content=generic&t_ref=search&paid_fl=n#seq=0
saramin(사람인),인공지능(AI)/딥러닝/파이썬(Python) 개발자 신입/경력모집,채용시,경기 용인시 수지구,신플렛(주),http://www.saramin.co.kr/zf_user/jobs/relay/view?isMypage=no&rec_idx=38995639&recommend_ids=eJxNj8kBAzEIA6vJH2EuvVPI9t9FSJw1%2BxyPBHhRospxpcUr3%2BuBl%2B2HNLcaf3D74oLg%2BC6zUi8PbFRExUGKISdMovuDwiU5o5IiMmi9fcI9maIHs9PoRbzPqAjOZFshD8ti%2BFiEq88XwVzZYf93M8DTpRZ%2B9u5CA9%2FwBz8VSMo%3D&view_type=search&searchword=python&searchType=search&gz=1&t_ref_content=generic&t_ref=search&paid_fl=n#seq=0
saramin(사람인),[신입/정규] 광고 솔루션 개발 (Python)모집,~ 01/08(금),서울 중구,(주)니트머스,http://www.saramin.co.kr/zf_user/jobs/relay/view?isMypage=no&rec_idx=39058871&recommend_ids=eJxNj8kBAzEIA6vJH2EuvVPI9t9FSJw1%2BxyPBHhRospxpcUr3%2BuBl%2B2HNLcaf3D74oLg%2BC6zUi8PbFRExUGKISdMovuDwiU5o5IiMmi9fcI9maIHs9PoRbzPqAjOZFshD8ti%2BFiEq88XwVzZYf93M8DTpRZ%2B9u5CA9%2FwBz8VSMo%3D&view_type=search&searchword=python&searchType=search&gz=1&t_ref_content=generic&t_ref=search&paid_fl=n#seq=0
saramin(사람인),Python 정규직 채용 공고(경력무관),~ 01/12(화),서울 강남구,(주)맥클로린,http://www.saramin.co.kr/zf_user/jobs/relay/view?isMypage=no&rec_idx=39089652&recommend_ids=eJxNj8kBAzEIA6vJH2EuvVPI9t9FSJw1%2BxyPBHhRospxpcUr3%2BuBl%2B2HNLcaf3D74oLg%2BC6zUi8PbFRExUGKISdMovuDwiU5o5IiMmi9fcI9maIHs9PoRbzPqAjOZFshD8ti%2BFiEq88XwVzZYf93M8DTpRZ%2B9u5CA9%2FwBz8VSMo%3D&view_type=search&searchword=python&searchType=search&gz=1&t_ref_content=generic&t_ref=search&paid_fl=n#seq=0
saramin(사람인),Application S/W 개발자 채용 (Python 사용),~ 12/28(월),경기 고양시 일산동구,㈜테스콤,http://www.saramin.co.kr/zf_user/jobs/relay/view?isMypage=no&rec_idx=39001068&recommend_ids=eJxNj8kBAzEIA6vJH2EuvVPI9t9FSJw1%2BxyPBHhRospxpcUr3%2BuBl%2B2HNLcaf3D74oLg%2BC6zUi8PbFRExUGKISdMovuDwiU5o5IiMmi9fcI9maIHs9PoRbzPqAjOZFshD8ti%2BFiEq88XwVzZYf93M8DTpRZ%2B9u5CA9%2FwBz8VSMo%3D&view_type=search&searchword=python&searchType=search&gz=1&t_ref_content=generic&t_ref=search&paid_fl=n#seq=0
saramin(사람인),백엔드 개발자 모집(Python / Java / C / C++),~ 12/11(금),서울 송파구,앰진시큐러스,http://www.saramin.co.kr/zf_user/jobs/relay/view?isMypage=no&rec_idx=39077248&recommend_ids=eJxNj8kBAzEIA6vJH2EuvVPI9t9FSJw1%2BxyPBHhRospxpcUr3%2BuBl%2B2HNLcaf3D74oLg%2BC6zUi8PbFRExUGKISdMovuDwiU5o5IiMmi9fcI9maIHs9PoRbzPqAjOZFshD8ti%2BFiEq88XwVzZYf93M8DTpRZ%2B9u5CA9%2FwBz8VSMo%3D&view_type=search&searchword=python&searchType=search&gz=1&t_ref_content=generic&t_ref=search&paid_fl=n#seq=0
saramin(사람인),2020년 하반기 Python/프론트엔드/백엔드/Ruby 외 경력무관 채용,~ 12/16(수),대전 유성구,(주)알에스팀,http://www.saramin.co.kr/zf_user/jobs/relay/view?isMypage=no&rec_idx=38934205&recommend_ids=eJxNj8kBAzEIA6vJH2EuvVPI9t9FSJw1%2BxyPBHhRospxpcUr3%2BuBl%2B2HNLcaf3D74oLg%2BC6zUi8PbFRExUGKISdMovuDwiU5o5IiMmi9fcI9maIHs9PoRbzPqAjOZFshD8ti%2BFiEq88XwVzZYf93M8DTpRZ%2B9u5CA9%2FwBz8VSMo%3D&view_type=search&searchword=python&searchType=search&gz=1&t_ref_content=generic&t_ref=search&paid_fl=n#seq=0
saramin(사람인),R&D Java 개발(Java/Python 등) 경력&신입 채용(정규직/계약직),~ 12/12(토),서울 강남구,(주)흰곰,http://www.saramin.co.kr/zf_user/jobs/relay/view?isMypage=no&rec_idx=39088798&recommend_ids=eJxNj8kBAzEIA6vJH2EuvVPI9t9FSJw1%2BxyPBHhRospxpcUr3%2BuBl%2B2HNLcaf3D74oLg%2BC6zUi8PbFRExUGKISdMovuDwiU5o5IiMmi9fcI9maIHs9PoRbzPqAjOZFshD8ti%2BFiEq88XwVzZYf93M8DTpRZ%2B9u5CA9%2FwBz8VSMo%3D&view_type=search&searchword=python&searchType=search&gz=1&t_ref_content=generic&t_ref=search&paid_fl=n#seq=0
saramin(사람인),"응용프로그램개발(Python, .NET外 3개 부문) 채용",~ 12/18(금),경북 포항시 북구,센싱플러스,http://www.saramin.co.kr/zf_user/jobs/relay/view?isMypage=no&rec_idx=39092511&recommend_ids=eJxNj8kBAzEIA6vJH2EuvVPI9t9FSJw1%2BxyPBHhRospxpcUr3%2BuBl%2B2HNLcaf3D74oLg%2BC6zUi8PbFRExUGKISdMovuDwiU5o5IiMmi9fcI9maIHs9PoRbzPqAjOZFshD8ti%2BFiEq88XwVzZYf93M8DTpRZ%2B9u5CA9%2FwBz8VSMo%3D&view_type=search&searchword=python&searchType=search&gz=1&t_ref_content=generic&t_ref=search&paid_fl=n#seq=0
saramin(사람인),인공지능 및 Python 개발자 채용,~ 01/04(월),서울 강남구,이지스케이(주),http://www.saramin.co.kr/zf_user/jobs/relay/view?isMypage=no&rec_idx=39044742&recommend_ids=eJxNj8kBAzEIA6vJH2EuvVPI9t9FSJw1%2BxyPBHhRospxpcUr3%2BuBl%2B2HNLcaf3D74oLg%2BC6zUi8PbFRExUGKISdMovuDwiU5o5IiMmi9fcI9maIHs9PoRbzPqAjOZFshD8ti%2BFiEq88XwVzZYf93M8DTpRZ%2B9u5CA9%2FwBz8VSMo%3D&view_type=search&searchword=python&searchType=search&gz=1&t_ref_content=generic&t_ref=search&paid_fl=n#seq=0
saramin(사람인),Java·JSP 웹개발/안드로이드 앱개발/python 개발자 정규직 채용,~ 11/27(금),경기 수원시 영통구,씨이엔코퍼레이션(주),http://www.saramin.co.kr/zf_user/jobs/relay/view?isMypage=no&rec_idx=38841279&recommend_ids=eJxNj8kBAzEIA6vJH2EuvVPI9t9FSJw1%2BxyPBHhRospxpcUr3%2BuBl%2B2HNLcaf3D74oLg%2BC6zUi8PbFRExUGKISdMovuDwiU5o5IiMmi9fcI9maIHs9PoRbzPqAjOZFshD8ti%2BFiEq88XwVzZYf93M8DTpRZ%2B9u5CA9%2FwBz8VSMo%3D&view_type=search&searchword=python&searchType=search&gz=1&t_ref_content=generic&t_ref=search&paid_fl=n#seq=0
saramin(사람인),"Python 크롤링 프로그램, Java 프로그래밍 (6개월계약직)",~ 12/19(토),광주 광산구,(주)토브,http://www.saramin.co.kr/zf_user/jobs/relay/view?isMypage=no&rec_idx=38945116&recommend_ids=eJxNj8kBAzEIA6vJH2EuvVPI9t9FSJw1%2BxyPBHhRospxpcUr3%2BuBl%2B2HNLcaf3D74oLg%2BC6zUi8PbFRExUGKISdMovuDwiU5o5IiMmi9fcI9maIHs9PoRbzPqAjOZFshD8ti%2BFiEq88XwVzZYf93M8DTpRZ%2B9u5CA9%2FwBz8VSMo%3D&view_type=search&searchword=python&searchType=search&gz=1&t_ref_content=generic&t_ref=search&paid_fl=n#seq=0
saramin(사람인),Java&Python&TensorFlow&Hadoop外 정규직 채용(경력사원),채용시,강원 강릉시,(주)다빅,http://www.saramin.co.kr/zf_user/jobs/relay/view?isMypage=no&rec_idx=38785301&recommend_ids=eJxNj8kBAzEIA6vJH2EuvVPI9t9FSJw1%2BxyPBHhRospxpcUr3%2BuBl%2B2HNLcaf3D74oLg%2BC6zUi8PbFRExUGKISdMovuDwiU5o5IiMmi9fcI9maIHs9PoRbzPqAjOZFshD8ti%2BFiEq88XwVzZYf93M8DTpRZ%2B9u5CA9%2FwBz8VSMo%3D&view_type=search&searchword=python&searchType=search&gz=1&t_ref_content=generic&t_ref=search&paid_fl=n#seq=0
saramin(사람인),[경력] AI(watson) 사업부문 Python 개발자 채용 공고,~ 11/30(월),서울 금천구,㈜새롬정보시스템,http://www.saramin.co.kr/zf_user/jobs/relay/view?isMypage=no&rec_idx=39088627&recommend_ids=eJxNj8kBAzEIA6vJH2EuvVPI9t9FSJw1%2BxyPBHhRospxpcUr3%2BuBl%2B2HNLcaf3D74oLg%2BC6zUi8PbFRExUGKISdMovuDwiU5o5IiMmi9fcI9maIHs9PoRbzPqAjOZFshD8ti%2BFiEq88XwVzZYf93M8DTpRZ%2B9u5CA9%2FwBz8VSMo%3D&view_type=search&searchword=python&searchType=search&gz=1&t_ref_content=generic&t_ref=search&paid_fl=n#seq=0
saramin(사람인),데이터분석 솔루션 개발자(python) 채용,~ 11/16(월),서울 강남구,(주)비아이매트릭스,http://www.saramin.co.kr/zf_user/jobs/relay/view?isMypage=no&rec_idx=39016543&recommend_ids=eJxNj8kBAzEIA6vJH2EuvVPI9t9FSJw1%2BxyPBHhRospxpcUr3%2BuBl%2B2HNLcaf3D74oLg%2BC6zUi8PbFRExUGKISdMovuDwiU5o5IiMmi9fcI9maIHs9PoRbzPqAjOZFshD8ti%2BFiEq88XwVzZYf93M8DTpRZ%2B9u5CA9%2FwBz8VSMo%3D&view_type=search&searchword=python&searchType=search&gz=1&t_ref_content=generic&t_ref=search&paid_fl=n#seq=0
saramin(사람인),"인공지능(AI) 웹기반 제품개발 분야 ( java, python 경력자)",~ 11/27(금),경기 안양시 동안구,(주)스위트케이,http://www.saramin.co.kr/zf_user/jobs/relay/view?isMypage=no&rec_idx=38839828&recommend_ids=eJxNj8kBAzEIA6vJH2EuvVPI9t9FSJw1%2BxyPBHhRospxpcUr3%2BuBl%2B2HNLcaf3D74oLg%2BC6zUi8PbFRExUGKISdMovuDwiU5o5IiMmi9fcI9maIHs9PoRbzPqAjOZFshD8ti%2BFiEq88XwVzZYf93M8DTpRZ%2B9u5CA9%2FwBz8VSMo%3D&view_type=search&searchword=python&searchType=search&gz=1&t_ref_content=generic&t_ref=search&paid_fl=n#seq=0
saramin(사람인),"DataAnalysis, (SAS/Python/R) 정규직 모집 공고 - 신입/경력",~ 12/04(금),대전 유성구,(주)허브넷컴퍼니,http://www.saramin.co.kr/zf_user/jobs/relay/view?isMypage=no&rec_idx=38861998&recommend_ids=eJxNj8kBAzEIA6vJH2EuvVPI9t9FSJw1%2BxyPBHhRospxpcUr3%2BuBl%2B2HNLcaf3D74oLg%2BC6zUi8PbFRExUGKISdMovuDwiU5o5IiMmi9fcI9maIHs9PoRbzPqAjOZFshD8ti%2BFiEq88XwVzZYf93M8DTpRZ%2B9u5CA9%2FwBz8VSMo%3D&view_type=search&searchword=python&searchType=search&gz=1&t_ref_content=generic&t_ref=search&paid_fl=n#seq=0
saramin(사람인),"대기업 경로탐색 교통정보 분석 (GIS, python, sql)",~ 11/16(월),서울 서초구,라온서치,http://www.saramin.co.kr/zf_user/jobs/relay/view?isMypage=no&rec_idx=39040174&recommend_ids=eJxNj8kBAzEIA6vJH2EuvVPI9t9FSJw1%2BxyPBHhRospxpcUr3%2BuBl%2B2HNLcaf3D74oLg%2BC6zUi8PbFRExUGKISdMovuDwiU5o5IiMmi9fcI9maIHs9PoRbzPqAjOZFshD8ti%2BFiEq88XwVzZYf93M8DTpRZ%2B9u5CA9%2FwBz8VSMo%3D&view_type=search&searchword=python&searchType=search&gz=1&t_ref_content=generic&t_ref=search&paid_fl=n#seq=0
jobKorea(잡코리아),(챗봇/AI)Python개발자 및 딥러닝 개발 응용연구 부문 경력직 모집,~12/12(토),경기 광명시 외,㈜인라이플,http://www.jobkorea.co.kr/Recruit/GI_Read/33167024?Oem_Code=C1&logpath=1
jobKorea(잡코리아),[ 코박(Cobak) ] Back-end 개발자 채용 (Python/django),~12/22(화),경기 성남시,㈜판도라티비,http://www.jobkorea.co.kr/Recruit/GI_Read/33134004?Oem_Code=C1&logpath=1
jobKorea(잡코리아),"사내 벤처 알파브릿지의 데이터 엔지니어 충원(Python, 자연어처리, 머신러닝, 딥러닝, 데이터분석, 빅데이터)",~12/06(일),경기 성남시,에셋플러스자산운용㈜,http://www.jobkorea.co.kr/Recruit/GI_Read/33118820?Oem_Code=C1&logpath=1
jobKorea(잡코리아),데이터분석 솔루션 개발자(python) 채용,~11/16(월),서울 강남구,비아이매트릭스,http://www.jobkorea.co.kr/Recruit/GI_Read/33066406?Oem_Code=C1&logpath=1
jobKorea(잡코리아),"파이썬, 인공지능, 빅데이터, PowerBI, 태블로 강사 모집",~12/06(일),서울 강남구,㈜웹타임,http://www.jobkorea.co.kr/Recruit/GI_Read/32637012?Oem_Code=C1&logpath=1
jobKorea(잡코리아),"인공지능 (딥러닝) 개발자,Python개발능력자 모십니다(신입과 경력).",~11/30(월),서울 구로구 외,㈜비타소프트,http://www.jobkorea.co.kr/Recruit/GI_Read/32599984?Oem_Code=C1&logpath=1
jobKorea(잡코리아),[여의도] oo전자Python장비로그 전처리 및 데이터 Set 생성  개발과제,~11/18(수),서울 금천구 외,㈜디지토피아,http://www.jobkorea.co.kr/Recruit/GI_Read/33177743?Oem_Code=C1&logpath=1
jobKorea(잡코리아),XML/http 프로토콜/Python/ django/채용 공고 (프리랜서),~12/18(금),서울 마포구,에스알유니버스,http://www.jobkorea.co.kr/Recruit/GI_Read/33177176?Oem_Code=C1&logpath=1
jobKorea(잡코리아),"(주)포유컴퓨터 JAVA,Python, 로그분석 웹 프로그래머 모집",~11/16(월),광주 광산구,㈜포유컴퓨터,http://www.jobkorea.co.kr/Recruit/GI_Read/33173202?Oem_Code=C1&logpath=1
jobKorea(잡코리아),"Python- ( 가양동, 3개월, 월650만원 )",~11/15(일),서울 강서구,㈜이안아이티컨설팅,http://www.jobkorea.co.kr/Recruit/GI_Read/33173167?Oem_Code=C1&logpath=1
jobKorea(잡코리아),"ROS,Python, C++ 개발 경력자 채용",~02/10(수),서울 금천구,㈜헥사팩토리,http://www.jobkorea.co.kr/Recruit/GI_Read/33172009?Oem_Code=C1&logpath=1
jobKorea(잡코리아),"[경력] AI(watson) 사업부문Python,java 개발자 채용 공고",~11/30(월),서울 금천구,㈜새롬정보시스템,http://www.jobkorea.co.kr/Recruit/GI_Read/33171963?Oem_Code=C1&logpath=1
jobKorea(잡코리아),웹개발자(1명) / 파이썬-python3개발자(1명) / Android app.개발자(1명) 정규직 채용,~12/12(토),서울 성동구,㈜펀진,http://www.jobkorea.co.kr/Recruit/GI_Read/33171443?Oem_Code=C1&logpath=1
jobKorea(잡코리아),(주)포엔 기업부설연구소에서Python개발자를 채용합니다.,~11/23(월),대전 유성구,㈜포엔,http://www.jobkorea.co.kr/Recruit/GI_Read/33169676?Oem_Code=C1&logpath=1
jobKorea(잡코리아),Python개발자 구함,~11/27(금),서울 구로구 외,에듀베이션㈜,http://www.jobkorea.co.kr/Recruit/GI_Read/33161844?Oem_Code=C1&logpath=1
jobKorea(잡코리아),삼성반도체 AI Platform 구축(JAVA/Python)프리랜서 모집,~01/22(금),경기 화성시,㈜스캐터엑스,http://www.jobkorea.co.kr/Recruit/GI_Read/33159586?Oem_Code=C1&logpath=1
jobKorea(잡코리아),백엔드 개발자 모집(Python/Java/C/C++),~12/11(금),서울 송파구,㈜앰진시큐러스,http://www.jobkorea.co.kr/Recruit/GI_Read/33155602?Oem_Code=C1&logpath=1
jobKorea(잡코리아),파이썬(Phython) 개발자 신입 채용 - 정규직,~02/09(화),경기 수원시,㈜인브레인,http://www.jobkorea.co.kr/Recruit/GI_Read/33154651?Oem_Code=C1&logpath=1
jobKorea(잡코리아),웹 프로그래머 (Java/HTML/Python) 계약직 개발자 모집,~02/09(화),부산 해운대구 외,㈜데이터코리아,http://www.jobkorea.co.kr/Recruit/GI_Read/33153813?Oem_Code=C1&logpath=1
jobKorea(잡코리아),Data 분석(python)/전산감사/IT관리,~02/08(월),서울 강남구,우리회계법인,http://www.jobkorea.co.kr/Recruit/GI_Read/33151290?Oem_Code=C1&logpath=1
